Petition,URL,State,Signatures Count
Make British Sign Language part of the National Curriculum,https://petition.parliament.uk/petitions/200000,closed,35203
Lobster Pots and Small Craft Safety – time to change the rules!,https://petition.parliament.uk/petitions/200001,closed,10770
Hold a referendum on the final Brexit deal,https://petition.parliament.uk/petitions/200004,closed,145119
Give all British citizens living abroad the right to vote and dedicated MPs,https://petition.parliament.uk/petitions/200005,closed,10314
Fund research into pediatric brain cancer & earlier access to experimental drugs,https://petition.parliament.uk/petitions/200017,closed,21799
Legalise cannabis for medical and recreational use.,https://petition.parliament.uk/petitions/200021,closed,25399
Pay Up Now! – Scrap the pay cap and give public servants a meaningful pay rise,https://petition.parliament.uk/petitions/200032,closed,149138
Make homework voluntary for children,https://petition.parliament.uk/petitions/200074,closed,34083
Make fair transitional state pension arrangements for 1950’s women,https://petition.parliament.uk/petitions/200088,closed,117716
Impose 5% levy on the Premier League’s broadcasting rights back into  grassroots,https://petition.parliament.uk/petitions/200094,closed,42844
Layla's Law Vaccinate all UK children against Meningitis B strain (MenB).,https://petition.parliament.uk/petitions/200117,closed,12080
End the animal cruelty laws exemptions for halal and shechita slaughter houses,https://petition.parliament.uk/petitions/200131,closed,26711
Reduce the age of Mandatory Mammograms to age 25-30,https://petition.parliament.uk/petitions/200153,closed,29167
Stop NHS England from removing herbal and homeopathic medicines,https://petition.parliament.uk/petitions/200154,closed,34670
Leave the EU immediately,https://petition.parliament.uk/petitions/200165,closed,141835
Reduce and end unnecessary single-use plastics,https://petition.parliament.uk/petitions/200189,closed,11595
End the export of live farm animals after Brexit.,https://petition.parliament.uk/petitions/200205,closed,100752
Abolish Universal Credits before it puts majority of the UK in poverty,https://petition.parliament.uk/petitions/200213,closed,17992
Impose Financial sanctions on the State of Myanmar (Burma).,https://petition.parliament.uk/petitions/200224,closed,30349
Abolish the TV Licence,https://petition.parliament.uk/petitions/200239,closed,15677
Ban balloon and sky lantern releases.,https://petition.parliament.uk/petitions/200251,closed,50414
Abolish the 0.7% GDP target for Foreign Aid,https://petition.parliament.uk/petitions/200292,closed,55152
Change the GCSE English Literature exam from closed book to open book.,https://petition.parliament.uk/petitions/200299,closed,165932
Make Hydraulic Fracturing (Fracking) illegal in the UK,https://petition.parliament.uk/petitions/200307,closed,24940
No referendum on the final deal for the UK to remain in the European Union.,https://petition.parliament.uk/petitions/200311,closed,14438
Make it illegal for any UK politician to lie or mislead the public.,https://petition.parliament.uk/petitions/200372,closed,14771
Investigate covert foreign interference in the EU referendum,https://petition.parliament.uk/petitions/200394,closed,19653
Don't leave the EU,https://petition.parliament.uk/petitions/200427,closed,10990
Keep Childcare Vouchers open beyond April 2018,https://petition.parliament.uk/petitions/200585,closed,119587
The Government must publish its own Brexit Impact/Risk Assessments,https://petition.parliament.uk/petitions/200634,closed,23218
Cancel HS2 immediately and repeal the 2013 and 2017 High Speed Rail Acts.,https://petition.parliament.uk/petitions/200793,closed,29843
Ban the sale of animal fur in the UK.,https://petition.parliament.uk/petitions/200888,closed,109553
House of Commons vote on whether Brexit should be cancelled.,https://petition.parliament.uk/petitions/200952,closed,14531
Union Jack to appear on British number plates after March 2019.,https://petition.parliament.uk/petitions/200968,closed,11795
Make Bullying a Criminal Offence,https://petition.parliament.uk/petitions/201003,closed,13016
Make it law that all cats injured/ killed by a vehicle are checked for a chip.,https://petition.parliament.uk/petitions/201097,closed,22809
"We must leave the EU completely in March 2019 - No transition period, No delay",https://petition.parliament.uk/petitions/201145,closed,36305
Save Local Remembrance Sunday Parades,https://petition.parliament.uk/petitions/201183,closed,14329
Bus passes for Over Sixties in England,https://petition.parliament.uk/petitions/201217,closed,10754
Adapt gambling laws to include gambling in video games which targets children.,https://petition.parliament.uk/petitions/201300,closed,16969
Allow Martial Arts to be on the GCSE/A Level syllabus.,https://petition.parliament.uk/petitions/201415,closed,11008
Ban Driven Grouse Shooting,https://petition.parliament.uk/petitions/201443,closed,48177
Pay health care students for placement hours.,https://petition.parliament.uk/petitions/201548,closed,33318
Introduce a 5p charge on single-use plastic straws.,https://petition.parliament.uk/petitions/201563,closed,13709
No more taxpayers money to be paid to the EU as part of any Brexit deal,https://petition.parliament.uk/petitions/201568,closed,17533
Nurses to work without having to pay an annual registration £120 fee to the NMC,https://petition.parliament.uk/petitions/201648,closed,11941
Pay carers an allowance equivalent to a fulltime job at the National Living Wage,https://petition.parliament.uk/petitions/201785,closed,12828
Change the laws governing the use of fireworks to include a ban on public use,https://petition.parliament.uk/petitions/201947,closed,113284
Introduce an Act of Parliament supporting ADHD adults and children (ADHD Act),https://petition.parliament.uk/petitions/202061,closed,11806
Change the law to ban the resale of tickets for more than their face value,https://petition.parliament.uk/petitions/202243,closed,23296
Place stoma signs on disabled toilets and add stoma changing facilities within.,https://petition.parliament.uk/petitions/202280,closed,10507
To create a law for road side safety when recovering vehicles.,https://petition.parliament.uk/petitions/202302,closed,11839
Update the UK Traffic Signs Regulations to a geometrically correct football,https://petition.parliament.uk/petitions/202305,closed,22536
Stop the cuts to the Royal Marines and the Royal Navy's amphibious assault ships,https://petition.parliament.uk/petitions/202588,closed,29634
"If no agreement to leave the European Union is reached, Article 50 be withdrawn",https://petition.parliament.uk/petitions/202629,closed,34835
"Build a new A&E Hospital CENTRAL to St Albans, Watford and Dacorum.",https://petition.parliament.uk/petitions/202644,closed,10566
Raise awareness and understanding of PDA among health care professionals,https://petition.parliament.uk/petitions/202680,closed,11188
Begin a process of removal of illegal immigrants in the UK.,https://petition.parliament.uk/petitions/202767,closed,18794
Make offering gay conversion therapy a criminal offence,https://petition.parliament.uk/petitions/203202,closed,13239
Make it illegal for any MP to lie in parliament or knowingly deceive the public.,https://petition.parliament.uk/petitions/203502,closed,19834
"Create a Freedom of Speech Act and Bring an End to ""Hate Speech"" laws",https://petition.parliament.uk/petitions/203615,closed,34969
Teach black history In History lessons,https://petition.parliament.uk/petitions/203692,closed,25638
Repeal the 1939 Cancer Act so that doctors can offer alternatives to chemo,https://petition.parliament.uk/petitions/203708,closed,10267
Ban Isis fighters from returning to the UK,https://petition.parliament.uk/petitions/204079,closed,14840
Stop the Common Fisheries Policy being adopted into UK law post-Brexit.,https://petition.parliament.uk/petitions/204098,closed,67959
Do not extend IR35 legislation to the private sector.,https://petition.parliament.uk/petitions/204121,closed,15230
Help fund the cost of redistributing more edible surplus food to charity.,https://petition.parliament.uk/petitions/204156,closed,16300
Provide free flash glucose monitoring systems to type 1 diabetics on the NHS.,https://petition.parliament.uk/petitions/204550,closed,10788
The Government must publish their consultation on social care by early 2018.,https://petition.parliament.uk/petitions/204631,closed,19542
Parliament must debate whether the PM should disclose any offshore interests.,https://petition.parliament.uk/petitions/204653,closed,11574
President Trump should be given a Full State Visit,https://petition.parliament.uk/petitions/204996,closed,12084
Stop the privatisation of NHS services,https://petition.parliament.uk/petitions/205106,closed,238769
Parliament's vote on the Brexit deal must include an option to remain in the EU.,https://petition.parliament.uk/petitions/205169,closed,113612
Declare the 2016 referendum vote null and void due to foreign interference,https://petition.parliament.uk/petitions/205332,closed,29136
"Pass legislation making animals legally ""Sentient Beings"" in UK law.",https://petition.parliament.uk/petitions/205348,closed,17214
Repeal the Vagrancy Act 1824,https://petition.parliament.uk/petitions/205388,closed,20549
Put pressure on Libya to take action to stop enslavement of Black Africans.,https://petition.parliament.uk/petitions/205476,closed,269157
Don’t ban Grouse Shooting ,https://petition.parliament.uk/petitions/205672,closed,15211
Repeal the April 2017 changes to Bereavement Support,https://petition.parliament.uk/petitions/205757,closed,11335
Strengthen the 2004 Hunting Act,https://petition.parliament.uk/petitions/205852,closed,16487
Let all UK citizens vote on who is mayor of London not just Londoners.,https://petition.parliament.uk/petitions/205912,closed,20768
"Call on DEFRA to withdraw UK approval of A24 trap, sold in NZ to kill hedgehogs.",https://petition.parliament.uk/petitions/206274,closed,37619
Introduce automatic approval of visit visas for families of British Citizens,https://petition.parliament.uk/petitions/206568,closed,71178
Reverse A Proposed Ban On Letting Agents Charging Fees To Tenants,https://petition.parliament.uk/petitions/206569,closed,10845
Call on PM to take action to build public trust in the Grenfell Tower Inquiry,https://petition.parliament.uk/petitions/206722,closed,156835
We want a Public Inquiry into the James Bulger murder case.,https://petition.parliament.uk/petitions/206851,closed,213624
Make it illegal for Historic Vehicles to be processed through scrappage schemes.,https://petition.parliament.uk/petitions/207027,closed,14040
Allow Premier League and Championship football clubs to introduce safe standing,https://petition.parliament.uk/petitions/207040,closed,112025
We want a law to ban tyres over 10 years old being used on buses and coaches.,https://petition.parliament.uk/petitions/207171,closed,15262
License driven grouse shooting,https://petition.parliament.uk/petitions/207482,closed,16902
Reverse government decision that will increase State Pension Age for millions,https://petition.parliament.uk/petitions/207603,closed,12354
Insurance should be on the car itself instead of the individuals who drive it,https://petition.parliament.uk/petitions/207616,closed,60448
"PIP should be administered and decided by the NHS, not the DWP/contracting firms",https://petition.parliament.uk/petitions/207878,closed,17751
Increase the sentence for failure to stop after a fatal road traffic collision,https://petition.parliament.uk/petitions/208008,closed,10495
Manufacture the new blue passport in GB not Germany or France.,https://petition.parliament.uk/petitions/208170,closed,37280
UK Government to raise the murder of Carl Davies with the Government of France,https://petition.parliament.uk/petitions/208723,closed,11472
Abolish the subsidy on food and drink in the Palace of Westminster restaurants.,https://petition.parliament.uk/petitions/208776,closed,107176
Give the electorate a referendum on the abolition of the House of Lords,https://petition.parliament.uk/petitions/209433,closed,170981
Make Orkambi available on the NHS for people with Cystic Fibrosis,https://petition.parliament.uk/petitions/209455,closed,118034
Theresa May: Cancel the invitation for Saudi Crown Prince to visit the UK,https://petition.parliament.uk/petitions/209458,closed,12076
All jurors in rape trials to complete compulsory training about rape myths,https://petition.parliament.uk/petitions/209573,closed,16445
For the introduction of non-lethal means of control of the Otter (Lutra- lutra),https://petition.parliament.uk/petitions/209735,closed,12355
Make Hedgehogs a Protected Species,https://petition.parliament.uk/petitions/209872,closed,21012
Make BRCA testing a choice for females over 30 on the NHS and more info given,https://petition.parliament.uk/petitions/209904,closed,10544
To launch a public inquiry into the failings in the Poppi Worthington case,https://petition.parliament.uk/petitions/210024,closed,11499
Introduce super visa category for parents of British citizens similar to Canada,https://petition.parliament.uk/petitions/210497,closed,14297
Provide additional funding to councils to protect Children's Centres,https://petition.parliament.uk/petitions/210947,closed,10739
Make GMC a tax-payer funded organisation and not to be funded by doctors.,https://petition.parliament.uk/petitions/211232,closed,25378
Drop any proposals to licence airguns in England & Wales,https://petition.parliament.uk/petitions/211656,closed,12455
"Ensure the UK leaves all EU defence rules, policies and structures on 29/03/19.",https://petition.parliament.uk/petitions/211905,closed,18451
Create a new independent welfare body to protect racehorses from abuse and death,https://petition.parliament.uk/petitions/211950,closed,105362
Reclassify the theft of a pet to a specific crime in its own right.,https://petition.parliament.uk/petitions/212174,closed,107352
Proscribe Antifa and other left wing anarchist groups as domestic terrorists,https://petition.parliament.uk/petitions/212366,closed,15547
Set up a public inquiry into the National problem of Paedophile grooming gangs,https://petition.parliament.uk/petitions/212467,closed,25533
"Prevent disability discrimination in organ transplants
",https://petition.parliament.uk/petitions/212551,closed,16813
Make scoliosis screening compulsory in all UK schools,https://petition.parliament.uk/petitions/212554,closed,14374
Action an effective NHS care pathway for patients with Ehlers Danlos Syndrome,https://petition.parliament.uk/petitions/212713,closed,14062
The Government must introduce an independent regulator for English football,https://petition.parliament.uk/petitions/213108,closed,14518
Take all efforts to push for a ceasefire in Syria.,https://petition.parliament.uk/petitions/213426,closed,16038
Ban the sale of puppies by pet shops & all commercial 3rd party dealers.,https://petition.parliament.uk/petitions/213451,closed,148248
Require local authorities to adopt all Public Open Space and roads on estates,https://petition.parliament.uk/petitions/213702,closed,11717
Ensure that the U.K. leaves the EU Single Market & Customs Union.,https://petition.parliament.uk/petitions/213782,closed,81192
Require DEFRA to fund research into the cause/s of Alabama Rot (CRGV) in dogs,https://petition.parliament.uk/petitions/213970,closed,18804
Legalise cannabis oil for medicinal usage.,https://petition.parliament.uk/petitions/213973,closed,14600
Hold a referendum for the legalisation of cannabis,https://petition.parliament.uk/petitions/214030,closed,29775
Parliament debate whether Israel has 'improper influence' over British Politics,https://petition.parliament.uk/petitions/214072,closed,13282
Consult with women on proposals to enshrine 'gender identity' in law,https://petition.parliament.uk/petitions/214118,closed,12902
Make Universities UK subject to the Freedom of Information Act.,https://petition.parliament.uk/petitions/214119,closed,13108
Mandate re-homing of suitable beagles and other species used for animal research,https://petition.parliament.uk/petitions/214145,closed,12096
Accept a role as guarantor to the USS pension scheme,https://petition.parliament.uk/petitions/214210,closed,12693
Fund a clinical audit of ovarian cancer to urgently improve survival rates,https://petition.parliament.uk/petitions/214322,closed,12428
Ban the sale of high caffeine energy drinks to under 16s,https://petition.parliament.uk/petitions/214334,closed,10218
Anyone convicted of involvement in dog-fighting to receive a custodial sentence.,https://petition.parliament.uk/petitions/214478,closed,12967
Require hospitals to reinstate life support if a patient survives for 15 mins.,https://petition.parliament.uk/petitions/214621,closed,11983
The UK Government to introduce a ban on all non-recyclable packaging from 2022.,https://petition.parliament.uk/petitions/215000,closed,32010
"Allow Brittany Pettibone, Lauren Southern, and Martin Sellner entry to the UK.",https://petition.parliament.uk/petitions/215204,closed,12717
Give all women the choice of an Induction at 41 weeks of Pregnancy.,https://petition.parliament.uk/petitions/215228,closed,42652
Reduce the age of Breast Screening to 25-30,https://petition.parliament.uk/petitions/215343,closed,28935
Make anti-GD2 treatment available on the NHS,https://petition.parliament.uk/petitions/215415,closed,30387
UK Government to implement the Bercow: Ten Years On recommendations,https://petition.parliament.uk/petitions/215643,closed,11621
Ban balloon and sky / chinese lantern releases.,https://petition.parliament.uk/petitions/215782,closed,34153
New law that cats injured/killed by a vehicle are checked for a chip: Round 2,https://petition.parliament.uk/petitions/216215,closed,15057
Fund and support a monument to the POLISH PILOT HEROES of the Battle of Britain.,https://petition.parliament.uk/petitions/216235,closed,11872
Change business rates for child care providers and make them zero VAT rated.,https://petition.parliament.uk/petitions/216337,closed,10915
Add Multiple Sclerosis to the Medical Exemption list,https://petition.parliament.uk/petitions/216496,closed,15346
Amnesty for anyone who was a minor that arrived In Britain between 1948 to 1971,https://petition.parliament.uk/petitions/216539,closed,180482
Allow undiagnosed children to travel to different countries to treat & diagnose,https://petition.parliament.uk/petitions/216594,closed,24446
An urgent debate on strategies for effectively combating gun and knife crime,https://petition.parliament.uk/petitions/216928,closed,13158
Fund free BSL lessons for every parent or carer of a Deaf child in the UK,https://petition.parliament.uk/petitions/217239,closed,15677
Save Otmoor from the Oxford-Cambridge Expressway,https://petition.parliament.uk/petitions/217244,closed,10589
Make the uk armed forces pensions tax free.,https://petition.parliament.uk/petitions/217852,closed,18676
Make bullying a criminal offence,https://petition.parliament.uk/petitions/217865,closed,18145
Bring in laws to protect horses being ridden on roads,https://petition.parliament.uk/petitions/217985,closed,28807
To make the Military Covenant legal and into Law,https://petition.parliament.uk/petitions/218095,closed,14090
End the animal cruelty laws exemptions given to UK halal and shechita abattoirs,https://petition.parliament.uk/petitions/218343,closed,45924
Amnesty for illegal immigrants who have been in UK for 10 years,https://petition.parliament.uk/petitions/218729,closed,46592
Make everyone with a life time disability mental or physical have life time pip,https://petition.parliament.uk/petitions/218952,closed,40302
Proscribe Hizballah in its entirety under the Terrorism Act 2000,https://petition.parliament.uk/petitions/219020,closed,15042
Reintroduce full mortgage interest relief and drop the 3% stamp duty surcharge,https://petition.parliament.uk/petitions/219279,closed,19068
The Government should end experiments on dogs.,https://petition.parliament.uk/petitions/219512,closed,80691
British Soldiers who served in N. Ireland must have immunity from prosecution.,https://petition.parliament.uk/petitions/219576,closed,54116
Scrap car parking charges at NHS Hospitals in England,https://petition.parliament.uk/petitions/219650,closed,29771
Ban the sale of products containing unsustainably sourced palm oil in the UK,https://petition.parliament.uk/petitions/219758,closed,89802
If there is no agreement to leave the EU then brexit must be stopped,https://petition.parliament.uk/petitions/219905,closed,110136
Increase funding & testing of pulmonary fibrosis & idiopathic pulmonary fibrosis,https://petition.parliament.uk/petitions/220016,closed,10932
Break all ties with EU institutions and policies completely,https://petition.parliament.uk/petitions/220073,closed,28546
Give working mums support to pay child care for children between birth - 3yrs,https://petition.parliament.uk/petitions/220162,closed,81327
Award a medal to British personnel involved in any nuclear testing program,https://petition.parliament.uk/petitions/220170,closed,10919
Keep the rights of EU27 + EFTA citizens already in the UK unchanged after Brexit,https://petition.parliament.uk/petitions/220172,closed,13870
Ban the use of farrowing crates in the UK,https://petition.parliament.uk/petitions/220220,closed,10495
anybody caught carrying a knife/gun serve a mandatory life with 10 year minimum,https://petition.parliament.uk/petitions/220240,closed,12741
Govia Thameslink Railway should have its contract immediately removed,https://petition.parliament.uk/petitions/220440,closed,19663
"Ban combustible materials on residential tower blocks, schools and hospitals",https://petition.parliament.uk/petitions/220460,closed,15165
Public Holiday on Muslims religious occasions in the UK(Eid ul Fitr&Eid ul Adha),https://petition.parliament.uk/petitions/220501,closed,52451
Make entering and occupying land without consent a criminal offence,https://petition.parliament.uk/petitions/220663,closed,31418
Put pressure on Donald Trump to end the separation of migrant families.,https://petition.parliament.uk/petitions/220898,closed,18352
Prevent avoidable deaths by making autism/learning disability training mandatory,https://petition.parliament.uk/petitions/221033,closed,52149
"Restrict the trade in, and private keeping of, dangerous wild animals",https://petition.parliament.uk/petitions/221050,closed,13580
Pay carers an allowance equivalent to a fulltime job at the National Living wage,https://petition.parliament.uk/petitions/221220,closed,21598
Put pressure on the Chinese Government over the treatment of Uyghur Muslims,https://petition.parliament.uk/petitions/221342,closed,11406
Leave the EU now,https://petition.parliament.uk/petitions/221747,closed,66971
PublicHoliday on Hindus special two religious occasions in a year:Diwali&Dussera,https://petition.parliament.uk/petitions/221860,closed,11853
Reject calls to add Staffordshire Bull Terriers to the Dangerous Dogs Act,https://petition.parliament.uk/petitions/222419,closed,186226
Require supermarkets to offer a plastic-free option for all their fruit & veg.,https://petition.parliament.uk/petitions/222715,closed,128001
Remove article 15 of the Offensive Weapons Bill (HC Bill 232),https://petition.parliament.uk/petitions/222776,closed,24015
"If England win the world cup, the Monday should be made a bank holiday for 2018",https://petition.parliament.uk/petitions/223013,closed,237396
Mandatory EHCPs  for children with Autism.,https://petition.parliament.uk/petitions/223069,closed,11892
Reduce VAT to 5% on repairs and approved alterations to listed buildings.,https://petition.parliament.uk/petitions/223075,closed,11851
Ban the importation of animal fur into the UK,https://petition.parliament.uk/petitions/223221,closed,11431
Make it a criminal offence to leave animals especially dogs or cats in a hot car,https://petition.parliament.uk/petitions/223225,closed,13207
Force all meat packaging to use images of slaughterhouses to deglamourise meat,https://petition.parliament.uk/petitions/223338,closed,11390
Ensure that free musical instrument tuition is available to all schoolchildren.,https://petition.parliament.uk/petitions/223408,closed,29423
British National (Overseas) Citizens should be given full British Citizenship.,https://petition.parliament.uk/petitions/223531,closed,11928
Ban the use of fireworks unless it’s a controlled and / or organised event,https://petition.parliament.uk/petitions/223542,closed,22459
Pay healthcare students a wage while on placement,https://petition.parliament.uk/petitions/223567,closed,21152
Rescind Art.50 if Vote Leave has broken Electoral Laws regarding 2016 referendum,https://petition.parliament.uk/petitions/223729,closed,203236
Reform the Dangerous Dogs Act 1991 and repeal Breed Specific Legislation.,https://petition.parliament.uk/petitions/223784,closed,36665
We want our Government to follow the lead of Australia & ban commercial sunbeds,https://petition.parliament.uk/petitions/223903,closed,15368
Drastically improve funding for Mental Health Services within the UK,https://petition.parliament.uk/petitions/224239,closed,19250
Fund life saving Immunotherapy for lung cancer patients to more than 2 years,https://petition.parliament.uk/petitions/224537,closed,10263
Brexit re article 50 it must not be suspended/stopped under any circumstances,https://petition.parliament.uk/petitions/224908,closed,116485
The UK government should ban Steve Bannon from entering the UK,https://petition.parliament.uk/petitions/225025,closed,13392
Mandatory minimum sentence for shaken baby deaths no guilty plea reduction.,https://petition.parliament.uk/petitions/225176,closed,10496
We want a world class radiotherapy service accessible for all cancer patients.,https://petition.parliament.uk/petitions/225310,closed,10610
UK to refer Sri Lanka to ICC in March 2019,https://petition.parliament.uk/petitions/225395,closed,17554
Reverse the decision to close RAF Scampton,https://petition.parliament.uk/petitions/225743,closed,23508
Lower the age for smear tests from 25 to 18 to prevent cervical cancer.,https://petition.parliament.uk/petitions/225767,closed,205359
For all Suicides by Veterans to be recorded as Veterans by all UK Coroners,https://petition.parliament.uk/petitions/225899,closed,16740
"Declare a Climate Emergency, end fossil fuel use and build community resilience.",https://petition.parliament.uk/petitions/226054,closed,26073
Stop possible second referendum on E.U. membership,https://petition.parliament.uk/petitions/226071,closed,135936
An independent study to find if driven grouse shooting is of  economic benefit.,https://petition.parliament.uk/petitions/226109,closed,10781
Revoke the BBC's Royal Charter.,https://petition.parliament.uk/petitions/226446,closed,16295
STOP BREXIT,https://petition.parliament.uk/petitions/226509,closed,112578
Reverse changes to state pension age back to 65 for men and 60 for women,https://petition.parliament.uk/petitions/226597,closed,14714
Ban face coverings in public,https://petition.parliament.uk/petitions/226975,closed,14067
Empower the UK Government or Parliament to regulate ferry prices.,https://petition.parliament.uk/petitions/227134,closed,17654
Free Parking for all NHS Staff at Hospitals in England,https://petition.parliament.uk/petitions/227152,closed,25857
Summon the Dutch ambassador to protest about the “Draw Muhammad” competition.,https://petition.parliament.uk/petitions/227209,closed,14795
All teaching staff across schools in England to have SEND mandatory training,https://petition.parliament.uk/petitions/227330,closed,12958
Scrap The Forestry Commission Licence Agreements With Fox & Hare Hunts,https://petition.parliament.uk/petitions/227405,closed,29876
Re-instate nursing bursaries,https://petition.parliament.uk/petitions/227419,closed,61101
"Honour the original Dartford Crossing agreement, abolish all tolls permanently",https://petition.parliament.uk/petitions/227567,closed,28118
Ban Greyhound Racing,https://petition.parliament.uk/petitions/227678,closed,19829
Stop commercial reps from targeting new mothers on postnatal wards,https://petition.parliament.uk/petitions/227744,closed,14002
Stop Fracking in the UK,https://petition.parliament.uk/petitions/227827,closed,13990
Require plant-based options suitable for vegans on public sector menus every day,https://petition.parliament.uk/petitions/228078,closed,27211
"Create minimum wage for SIA holders to be paid £15 per hour.
 ",https://petition.parliament.uk/petitions/228286,closed,11217
Urgent law to extend voting rights to British abroad by repealing 15-year rule.,https://petition.parliament.uk/petitions/228362,closed,11849
Hold a public inquiry into the decision to incentivise diesel cars & its effects,https://petition.parliament.uk/petitions/228534,closed,10292
Introduce Alternative Student Finance product by September 2019,https://petition.parliament.uk/petitions/228535,closed,16671
Make TV election debates happen - establish an Independent Debates Commission,https://petition.parliament.uk/petitions/228572,closed,143390
Make DLA/ PIP assessment companies liable for wrongly rejected claims,https://petition.parliament.uk/petitions/228602,closed,16404
"Repeal the EU Copyright Directive, when the UK leaves the EU.",https://petition.parliament.uk/petitions/228620,closed,28588
Stop Brexit if supplies of vital medication can't be guaranteed.,https://petition.parliament.uk/petitions/228631,closed,16865
UK Government to Fund Advice Services for British Citizens living in Spain,https://petition.parliament.uk/petitions/228633,closed,10670
Allow the British people to vote on cannabis legalisation,https://petition.parliament.uk/petitions/228655,closed,18381
Provide prescription payment exemption for people with Sickle Cell Anaemia.,https://petition.parliament.uk/petitions/228671,closed,12604
Ban the EU flag from UK Armed Forces uniforms.,https://petition.parliament.uk/petitions/228702,closed,18643
Protect library services by ringfencing government funding for libraries.,https://petition.parliament.uk/petitions/228742,closed,34804
Review rules that allow male prisoners who identify as female in women's prisons,https://petition.parliament.uk/petitions/228767,closed,10980
Review the Animal Welfare Regulations 2018 and DEFRA Guidance notes,https://petition.parliament.uk/petitions/228814,closed,20004
Increase funding for dementia research to find effective treatments.,https://petition.parliament.uk/petitions/228954,closed,34401
NEW LAW THAT CATS KILLED/INJURED BY A VEHICLE ARE CHECKED FOR A CHIP: ROUND 3,https://petition.parliament.uk/petitions/229004,closed,107062
School should start at 10am as teenagers are too tired,https://petition.parliament.uk/petitions/229178,closed,187902
All halal and kosher certified products are to be prominently labelled as such.,https://petition.parliament.uk/petitions/229231,closed,12845
Amend the 1967 Forestry Act to protect endangered wildlife habitat across the UK,https://petition.parliament.uk/petitions/229243,closed,11643
Allow students to register at two GPs,https://petition.parliament.uk/petitions/229573,closed,29060
Organise a rescue plan to prevent the avoidable overnight closure of PRH’s A&E,https://petition.parliament.uk/petitions/229602,closed,32661
Increase funding for multi-disciplinary treatment centres for FND Patients. ,https://petition.parliament.uk/petitions/229614,closed,10876
Protect our Freedom of Movement Rights,https://petition.parliament.uk/petitions/229678,closed,10943
Increase college funding to sustainable levels - all students deserve equality!,https://petition.parliament.uk/petitions/229744,closed,72241
Save Our Parks,https://petition.parliament.uk/petitions/229894,closed,22663
Leave the EU without a deal in March 2019.,https://petition.parliament.uk/petitions/229963,closed,608152
Raise the Rate: increase the national funding rate for sixth form students,https://petition.parliament.uk/petitions/230140,closed,28143
Reject Remote Pharmacist Proposals. Keep Pharmacists Present for Patients.,https://petition.parliament.uk/petitions/230192,closed,10423
Repeal the EU Withdrawal Act to Prevent Accidental No-deal Brexit,https://petition.parliament.uk/petitions/230284,closed,14505
Grant the brown hare protection under S5 of the Wildlife and Countryside Act.,https://petition.parliament.uk/petitions/230349,closed,12398
Abolish the 0.7% Foreign Aid Target and spend OUR money at home,https://petition.parliament.uk/petitions/230416,closed,30622
UK government to integrate all rights in UN CEDAW Convention into domestic law.,https://petition.parliament.uk/petitions/230451,closed,19471
We call on the Government to abandon the HS2 Rail project.,https://petition.parliament.uk/petitions/230452,closed,16358
Make it law to scan microchips routinely on current & new patients at the vets.,https://petition.parliament.uk/petitions/230950,closed,12590
Launch an inquiry into the possible link between cannabis and violence,https://petition.parliament.uk/petitions/231109,closed,12570
Increase funding to Children's Mental Health services,https://petition.parliament.uk/petitions/231146,closed,15791
Ban the sale of fireworks to the public. Displays for licenced venues only.,https://petition.parliament.uk/petitions/231147,closed,307897
Investigate what more can be done to tackle van theft and van tool theft.,https://petition.parliament.uk/petitions/231177,closed,40262
Abolish TV Licence,https://petition.parliament.uk/petitions/231342,closed,20820
"Stop the detention of people with autism & learning disabilities in ATU’s
 
",https://petition.parliament.uk/petitions/231406,closed,45010
Make it a legal requirement to have a second safety critical person on trains,https://petition.parliament.uk/petitions/231479,closed,29455
Ban all ISIS members from returning to UK,https://petition.parliament.uk/petitions/231521,closed,598254
Hold a referendum on England leaving the United Kingdom.,https://petition.parliament.uk/petitions/231563,closed,15916
NHS supply new lifesaving drugs for Cystic Fibrosis like 11 other EU countries,https://petition.parliament.uk/petitions/231602,closed,108144
Make sure mothers get National Insurance credits towards their state pension,https://petition.parliament.uk/petitions/231761,closed,13913
"Guaranteed help at A&E to prevent avoidable deaths from suicide
",https://petition.parliament.uk/petitions/231772,closed,11250
Allow parents to take children out of school for 1 week a year during term time,https://petition.parliament.uk/petitions/231928,closed,32419
Increase funding for schools,https://petition.parliament.uk/petitions/232220,closed,113825
Ban the use of all non-recyclable and unsustainable food packaging,https://petition.parliament.uk/petitions/232684,closed,247048
The UK should not agree the UN's Global Compact for Migration,https://petition.parliament.uk/petitions/232698,closed,131617
Grant a People's Vote if Parliament rejects the EU Withdrawal Agreement,https://petition.parliament.uk/petitions/232984,closed,144523
End the animal cruelty laws exemptions given to UK halal and shechita abattoirs,https://petition.parliament.uk/petitions/233043,closed,14175
Ban animal glue traps,https://petition.parliament.uk/petitions/233106,closed,13815
Stop Universal Credit and let claimants stay on the original benefits.,https://petition.parliament.uk/petitions/233127,closed,18911
Review governance of National Insurance Fund,https://petition.parliament.uk/petitions/233408,closed,15165
Launch an independent enquiry into the health and safety risks of 5G.,https://petition.parliament.uk/petitions/233707,closed,32454
Hard Remain: Align with other EU countries and adopt Schengen and the euro.,https://petition.parliament.uk/petitions/233767,closed,13671
People found with a knife to get 10 years and using a knife 25 years in prison.,https://petition.parliament.uk/petitions/233926,closed,115723
Set up Independent Pricing Watchdog to Stop Excessive Prices at the Fuel Pumps,https://petition.parliament.uk/petitions/234072,closed,15566
Leave with No Deal if Parliament rejects the EU Withdrawal Agreement.,https://petition.parliament.uk/petitions/234393,closed,13159
Strengthen workers' rights to tackle in-work poverty.,https://petition.parliament.uk/petitions/234531,closed,50499
Metal detectors / bag searches obligatory safety measure for big public venues,https://petition.parliament.uk/petitions/234611,closed,23228
Continue to fund free TV licences for the over 75 in the future.,https://petition.parliament.uk/petitions/234627,closed,171982
Public inquiry into the bias in the BBC,https://petition.parliament.uk/petitions/234797,closed,105422
Put pressure on the Chinese Government over the treatment of Uyghur Muslims,https://petition.parliament.uk/petitions/234849,closed,16432
Pay Carers an allowance equivalent to a fulltime job at the National Living wage,https://petition.parliament.uk/petitions/234864,closed,17320
Cancel MPs' Christmas recess until a course of action over Brexit is agreed,https://petition.parliament.uk/petitions/234943,closed,13073
Give parents the right to opt their child out of Relationship and Sex Education,https://petition.parliament.uk/petitions/235053,closed,118050
Hold an immediate independence referendum for Scotland (Indy Ref 2),https://petition.parliament.uk/petitions/235096,closed,11615
Hold a second referendum on EU membership.,https://petition.parliament.uk/petitions/235138,closed,194336
"Walk away now!
We voted for a No Deal Brexit",https://petition.parliament.uk/petitions/235185,closed,46560
The Royal Fleet Auxiliary support ships should be built in the UK,https://petition.parliament.uk/petitions/235377,closed,14046
Make grey squirrel rescue exempt from Invasive Alien Species Order 2019,https://petition.parliament.uk/petitions/235425,closed,59354
Have another general election,https://petition.parliament.uk/petitions/235480,closed,10912
Abolish the BBC television license.,https://petition.parliament.uk/petitions/235653,closed,246736
Introduce mandatory measures to prevent reselling/euthanasia of dogs,https://petition.parliament.uk/petitions/235831,closed,30655
Give voting rights to EU citizens in the UK and Brits abroad in a People's Vote,https://petition.parliament.uk/petitions/235954,closed,38083
Mandate schools to consult parents before teaching Relationships & Sex Education,https://petition.parliament.uk/petitions/236004,closed,65778
"Condemn Sudan’s use of lethal force vs protests, pressure for democratic change",https://petition.parliament.uk/petitions/236102,closed,22999
Automatically grant EU citizens in the UK indefinite leave to remain for free,https://petition.parliament.uk/petitions/236200,closed,21754
Allow Tier 2 (Intra-Company) individuals and their dependants to settle.,https://petition.parliament.uk/petitions/236246,closed,10359
Stop Brexit if parliament rejects the deal,https://petition.parliament.uk/petitions/236261,closed,32603
Send English Channel migrants back to where they first arrived in the EU,https://petition.parliament.uk/petitions/236362,closed,28176
Yoga and Meditation to be included in the UK National school curriculum.,https://petition.parliament.uk/petitions/236421,closed,16624
Change legislation so G.P.s can prescribe medical marijuana for fibromyalgia.,https://petition.parliament.uk/petitions/236693,closed,18218
Establish a national day commemorating the significance of 15th August 1945.,https://petition.parliament.uk/petitions/236760,closed,17627
Laws to be introduced on social networks on hate preaching against religion(s),https://petition.parliament.uk/petitions/236874,closed,115999
Violet-Grace’s Law - Life sentences for Death by Dangerous Driving,https://petition.parliament.uk/petitions/236952,closed,167506
"Freeze the £1bn RFA ship tender till we leave EU directives, to ensure UK build.",https://petition.parliament.uk/petitions/236992,closed,22854
Guarantee the future of state-funded nursery schools after March 2020,https://petition.parliament.uk/petitions/237044,closed,11713
UK Government to ban the import of shark fins into the UK.,https://petition.parliament.uk/petitions/237050,closed,16322
To offer mammograms to all women over 30,https://petition.parliament.uk/petitions/237184,closed,26560
"Keep the Royal Air Force Aerobatic Team, the Red Arrows, in Lincolnshire",https://petition.parliament.uk/petitions/237293,closed,11434
Increase early years funding in line with minimum pay rises,https://petition.parliament.uk/petitions/237320,closed,17036
"To keep daily prayers in House of Commons, as UK was built on Christian values.",https://petition.parliament.uk/petitions/237423,closed,28039
The Prime Minister should advise Her Majesty the Queen to prorogue Parliament.,https://petition.parliament.uk/petitions/237487,closed,100718
Fund research and treatment for children with brain injuries,https://petition.parliament.uk/petitions/237685,closed,11509
Allow all British citizens to vote should there be a new referendum on Brexit.,https://petition.parliament.uk/petitions/237819,closed,13434
Start a public enquiry into NHS Continuing Healthcare ,https://petition.parliament.uk/petitions/238047,closed,10632
Abolish leasehold,https://petition.parliament.uk/petitions/238071,closed,31830
Stop MLA’s Salary until Stormont has a sitting Assembly,https://petition.parliament.uk/petitions/239208,closed,22468
Undertake an independent enquiry into the role of Russia in Brexit.,https://petition.parliament.uk/petitions/239406,closed,14846
Make online homophobia a specific criminal offence,https://petition.parliament.uk/petitions/239444,closed,153506
Raise awareness and fund research into Diffuse Intrinsic Pontine Glioma (DIPG)  ,https://petition.parliament.uk/petitions/239638,closed,41675
Keep CBD on the market as a food supplement.,https://petition.parliament.uk/petitions/239692,closed,12828
Revoke Art.50 if there is no Brexit plan by the 25 of February,https://petition.parliament.uk/petitions/239706,closed,150531
Make it a criminal offence for MPs to deliberately mislead the general public.,https://petition.parliament.uk/petitions/239850,closed,30296
"Make it compulsory for schools to teach basic signing, such as Makaton",https://petition.parliament.uk/petitions/239893,closed,20912
Provide settled and pre-settled status EU citizens a physical document as proof.,https://petition.parliament.uk/petitions/240611,closed,14204
Allow people to identify outside of 'male' and 'female' on legal documentation,https://petition.parliament.uk/petitions/240636,closed,20600
Decriminalise prostitution to promote safety,https://petition.parliament.uk/petitions/241311,closed,11597
Investigate Atos PIP assessments.,https://petition.parliament.uk/petitions/241560,closed,28702
Revoke Article 50 and remain in the EU.,https://petition.parliament.uk/petitions/241584,closed,6103058
The Government to make representations on behalf of Andrew Neal in UAE,https://petition.parliament.uk/petitions/241659,closed,11130
Halt Brexit For A Public Inquiry,https://petition.parliament.uk/petitions/241848,closed,111919
Automatic by-election if an MP resigns membership of their political party,https://petition.parliament.uk/petitions/242193,closed,47092
Recognise animal sentience & require that animal welfare has full regard in law,https://petition.parliament.uk/petitions/242239,closed,103919
Don't put our NHS up for negotiation,https://petition.parliament.uk/petitions/242300,closed,169836
Lower the recommended age for a cervical smear test to 18.,https://petition.parliament.uk/petitions/242330,closed,77736
Request a Royal Commission to review Parliamentary and electoral systems of U.K.,https://petition.parliament.uk/petitions/242856,closed,19690
Parliament must honour the Referendum result. Leave deal or no deal 29/03/19,https://petition.parliament.uk/petitions/243319,closed,183422
Justice for Jodey Whiting. Independent inquiry into deaths linked to the DWP ,https://petition.parliament.uk/petitions/243337,closed,55784
End the Cage Age: ban cages for all farmed animals.,https://petition.parliament.uk/petitions/243448,closed,107187
£15ph National minimum wage for hgv drivers to be made compulsory,https://petition.parliament.uk/petitions/243898,closed,13194
"Immunity for soldiers who worked in Northern Ireland.
",https://petition.parliament.uk/petitions/243947,closed,150324
Make 'netting' hedgerows to prevent birds from nesting a criminal offence.,https://petition.parliament.uk/petitions/244233,closed,365508
British National (Overseas) Citizens should be given full British Citizenship.,https://petition.parliament.uk/petitions/244402,closed,101954
Revoke permission given for beagle breeding centre in Hull for animal testing,https://petition.parliament.uk/petitions/244520,closed,46451
Pet Theft Reform: Amend animal welfare law to make pet theft a specific offence.,https://petition.parliament.uk/petitions/244530,closed,117453
Stop counselling notes of rape survivors being used in court.,https://petition.parliament.uk/petitions/245103,closed,13380
Increase the maintenance loan to cover the UK average university accommodation.,https://petition.parliament.uk/petitions/245377,closed,24271
Change the general election voting system to one of proportional representation,https://petition.parliament.uk/petitions/245488,closed,56370
Price cap on flight tickets and holidays during school holidays,https://petition.parliament.uk/petitions/245565,closed,32300
Fund an NHS Lyme Disease Centre of Excellence,https://petition.parliament.uk/petitions/245716,closed,10397
Make foxes a protected species,https://petition.parliament.uk/petitions/245865,closed,22604
Independent inquiry into exclusions of Black children from school,https://petition.parliament.uk/petitions/246177,closed,11571
Address teachers unmanageable workload by increasing protected PPA to 30%,https://petition.parliament.uk/petitions/246255,closed,26009
Re-instate nursing bursary and scrap tuition fees.,https://petition.parliament.uk/petitions/247360,closed,23403
Revoke all government gagging orders relating to Brexit,https://petition.parliament.uk/petitions/247761,closed,27714
Anonymity for those accused of sexual offences until charge.,https://petition.parliament.uk/petitions/247912,closed,28462
Install microplastic filters on new washing machines as standard,https://petition.parliament.uk/petitions/248269,closed,17579
Leave the EU Without a deal on April 12th.,https://petition.parliament.uk/petitions/248281,closed,249530
To introduce a law that recognises Parental Alienation as a criminal offence.,https://petition.parliament.uk/petitions/249833,closed,15083
To establish a Public Inquiry into the conduct of the 2016 EU Referendum.,https://petition.parliament.uk/petitions/250178,closed,109430
"Grant legal protection to Swallow, Swift and Martin nest sites not just nests.",https://petition.parliament.uk/petitions/250845,closed,73866
Leave EU by April 12th 2019 with deal or no deal.,https://petition.parliament.uk/petitions/250967,closed,31054
Call for an end to LGBT human rights violations in Brunei.,https://petition.parliament.uk/petitions/251142,closed,87671
Hold an Inquiry into the state of the Police Complaints System and role of IOPC,https://petition.parliament.uk/petitions/251627,closed,13874
Introduce legal immunity for UK soldiers after a war or conflict ends,https://petition.parliament.uk/petitions/251994,closed,38040
Automatic DLA renewal for Children under 16 with lifelong medical  conditions,https://petition.parliament.uk/petitions/252248,closed,14493
If Theresa May resigns as Prime Minister a general election must be held.,https://petition.parliament.uk/petitions/252449,closed,46622
Ask the Commonwealth of Nations to expel Brunei,https://petition.parliament.uk/petitions/253069,closed,20724
"Without a Deal make ""Revoke Article 50"" the default action.",https://petition.parliament.uk/petitions/253647,closed,101782
Give Parliament a vote on whether Article 50 should be revoked,https://petition.parliament.uk/petitions/254085,closed,10920
Outlaw planning applications that include removal of mature trees or hedgerows.,https://petition.parliament.uk/petitions/254285,closed,10640
"Leave the EU with No Deal in October 2019
",https://petition.parliament.uk/petitions/254329,closed,207673
Restore nature on a massive scale to help stop climate breakdown,https://petition.parliament.uk/petitions/254607,closed,109077
Reduce foreign aid in favour of increasing pensions with immediate effect,https://petition.parliament.uk/petitions/255062,closed,12308
Repeal the Yvette Cooper/Oliver Letwin Act,https://petition.parliament.uk/petitions/255223,closed,59319
Provide 15 hours free childcare to working parents for children over 9 months.,https://petition.parliament.uk/petitions/255237,closed,146397
"With 'notice to proceed' delayed again, halt all HS2 enabling work immediately.",https://petition.parliament.uk/petitions/255413,closed,24079
Make PE a core subject from KS1-KS5 with a minimum of 2hrs allocated weekly,https://petition.parliament.uk/petitions/255414,closed,16505
We Demand A Vote On Cannabis,https://petition.parliament.uk/petitions/255693,closed,16776
"I  request a full public inquiry into death of my son, Matthew Leahy. (20 yrs.)",https://petition.parliament.uk/petitions/255823,closed,105580
"A final vote on scrapping HS2 for MPs, with a free vote for all Ministers",https://petition.parliament.uk/petitions/256592,closed,10623
"Start preparations for a Peoples Vote now, to enable answer by 31-10-19.",https://petition.parliament.uk/petitions/257329,closed,11334
Change Settlement Status from Application to Registration.,https://petition.parliament.uk/petitions/257397,closed,16761
Abolish imprisonment as a penalty for non-payment of Council Tax.,https://petition.parliament.uk/petitions/257681,closed,12718
Public areas & Food places to have Epi Pens for food allergies,https://petition.parliament.uk/petitions/258291,closed,13098
Stop Postal Votes except for the elderly and disabled,https://petition.parliament.uk/petitions/258370,closed,22393
Increase the penalty for developers and landowners who remove trees illegally.,https://petition.parliament.uk/petitions/258756,closed,10854
Improve maternal care for black British women,https://petition.parliament.uk/petitions/259256,closed,29336
Allergy provision in school: Introduce Statutory Allergy Care legislation,https://petition.parliament.uk/petitions/259303,closed,10558
To grant a section 30 order to allow a 2nd referendum on Scottish Independence.,https://petition.parliament.uk/petitions/259359,closed,13336
The Air Ambulances to be government funded,https://petition.parliament.uk/petitions/259892,closed,134143
Public inquiry into disenfranchisement of EU27 citizens and UK citizens abroad,https://petition.parliament.uk/petitions/260346,closed,12388
Stop charging commonwealth soldiers to stay in Britain!,https://petition.parliament.uk/petitions/260820,closed,11669
Stop the increase to 20% VAT for the installation of renewable energy sources,https://petition.parliament.uk/petitions/260903,closed,12470
Ban energy-wasting open fridges and freezers in all retail outlets,https://petition.parliament.uk/petitions/261092,closed,49272
Stop IR35 roll-out in 2020 in private sector - due to uncertainty around Brexit,https://petition.parliament.uk/petitions/261149,closed,15560
Revoke planning permission to build on the site of the Battle of Bosworth.,https://petition.parliament.uk/petitions/261339,closed,11475
Raise awareness and make Pathological Demand Avoidance a recognisable diagnosis,https://petition.parliament.uk/petitions/261786,closed,11093
Repeal IR35 legislation in Public Sector and proposed Private Sector rollout.,https://petition.parliament.uk/petitions/262354,closed,30343
Ban non-stun slaughter. Animal welfare must take priority over faith tradition.,https://petition.parliament.uk/petitions/262607,closed,14021
"Postpone the rollout of 5G in the UK, pending further independent investigation.",https://petition.parliament.uk/petitions/262842,closed,27698
Parliament should stop a 'no-deal' Brexit,https://petition.parliament.uk/petitions/262986,closed,10397
Convert fossil fuel subsidies into subsidies for renewable energy,https://petition.parliament.uk/petitions/263313,closed,11985
Ban peat compost.,https://petition.parliament.uk/petitions/263362,closed,12928
Make ECOCIDE a UK criminal offence,https://petition.parliament.uk/petitions/263605,closed,21986
"Compensation for women born in 1950s, due to state pension age change",https://petition.parliament.uk/petitions/263615,closed,17656
Introduce voter id for all elections,https://petition.parliament.uk/petitions/263860,closed,20689
Make qualified Dental Nurse wage a minimum of £12 per hour.,https://petition.parliament.uk/petitions/264694,closed,17236
To halt any future increases to the retirement age for the uk State Pension.,https://petition.parliament.uk/petitions/265262,closed,17190
Extend the HM Forces Railcard scheme to include all UK Veterans,https://petition.parliament.uk/petitions/266193,closed,17542
Demand the EU & UN sanction Brazil to halt increased deforestation of the Amazon,https://petition.parliament.uk/petitions/266638,closed,123309
Repeal the archaic Weeds Act 1959 to benefit pollinators and wider biodiversity.,https://petition.parliament.uk/petitions/266743,closed,11879
"Ban Driven Grouse Shooting
Wilful blindness is no longer an option",https://petition.parliament.uk/petitions/266770,closed,111965
Make vet best practice measures mandatory & honour dual microchip registration.,https://petition.parliament.uk/petitions/266835,closed,12234
Rule out any prospect of granting an amnesty on illegal immigration,https://petition.parliament.uk/petitions/266925,closed,35577
Stop the passing of the Abortion Law in Northern Ireland,https://petition.parliament.uk/petitions/267231,closed,16032
Scrap the pension annual allowance taper,https://petition.parliament.uk/petitions/268161,closed,20058
Stop increases in road tax for motorhomes. ,https://petition.parliament.uk/petitions/268246,closed,14907
"Introduce a minimum sentence for carrying a knife, equal to carrying a firearm  ",https://petition.parliament.uk/petitions/268766,closed,75163
Recall Parliament immediately to urgently debate no-deal Brexit.,https://petition.parliament.uk/petitions/269140,closed,53754
Official observers from OSCE ODIHR to monitor the next Scottish referendum.,https://petition.parliament.uk/petitions/269150,closed,11138
Do not prorogue Parliament,https://petition.parliament.uk/petitions/269157,closed,1725632
"Link the state pension to the adult minimum wage 
£328.40p per week.",https://petition.parliament.uk/petitions/269486,closed,38674
Fund research for childhood cancers with the worst survival rates,https://petition.parliament.uk/petitions/269637,closed,37664
Provide Sirius minerals with full Loan Guarantee from HM treasury.,https://petition.parliament.uk/petitions/269824,closed,12002
Politicians who changes parties should have to go through a new By Election.,https://petition.parliament.uk/petitions/269912,closed,36074
Give British Citizenship to all EU citizens  currently living in UK if no deal,https://petition.parliament.uk/petitions/270100,closed,11330
Stop Brexit,https://petition.parliament.uk/petitions/270385,closed,39408
"Hold online trolls accountable for their online abuse via their IP address
",https://petition.parliament.uk/petitions/272087,closed,133680
Consult with focus groups of young people when creating climate change policy,https://petition.parliament.uk/petitions/272167,closed,11923
Bring the date for the post-study work visa closer to help current students,https://petition.parliament.uk/petitions/273801,closed,30388
Stamp Out Tool Theft with the introduction of tighter regulation & greater fines,https://petition.parliament.uk/petitions/273892,closed,31993
"Halt the badger cull & investigate alternative, humane options for bTB control.",https://petition.parliament.uk/petitions/273999,closed,12713
Scrap the right to vote in two separate constituencies at local elections,https://petition.parliament.uk/petitions/274017,closed,11040
"No to a ""People's Vote"" !",https://petition.parliament.uk/petitions/274768,closed,10280
Remain should not be on a second referendum ballot paper,https://petition.parliament.uk/petitions/275166,closed,10428
Revoke article 50 if the EU does not grant an extension past 31 October,https://petition.parliament.uk/petitions/275680,closed,29690
Ban super trawlers from fishing in UK waters.,https://petition.parliament.uk/petitions/276308,closed,25614
Ban fireworks for general sale to the public.,https://petition.parliament.uk/petitions/276425,closed,305579
Defend the Kurds and stop the Turkish military invasion of northern Syria!,https://petition.parliament.uk/petitions/276661,closed,39052
Lower the cost of British Citizenship applications to £372.,https://petition.parliament.uk/petitions/276697,closed,21598
Hold a referendum on whether to leave with the deal offered or remain in the EU,https://petition.parliament.uk/petitions/276978,closed,60827
Halt all efforts to introduce ID checks at polling stations,https://petition.parliament.uk/petitions/277121,closed,43195
Ensure any Brexit deal protects the Touring Industry for Musicians and Crew.,https://petition.parliament.uk/petitions/277346,closed,21082
"Do not reduce the voting age to 16, it must remain 18 years of age",https://petition.parliament.uk/petitions/278182,closed,12621
